{
  "generated_at": "2025-05-26T08:24:41.766429",
  "stats": {
    "tasks_analyzed": 93,
    "unique_topics": 14,
    "avg_topics_per_task": 2.161290322580645,
    "avg_context_length": 4742.451612903225
  },
  "heatmapData": [
    [
      2,
      0,
      1
    ],
    [
      7,
      0,
      1
    ],
    [
      8,
      0,
      1
    ],
    [
      2,
      1,
      1
    ],
    [
      7,
      1,
      1
    ],
    [
      8,
      1,
      1
    ],
    [
      2,
      2,
      1
    ],
    [
      7,
      2,
      1
    ],
    [
      8,
      2,
      1
    ],
    [
      2,
      3,
      1
    ],
    [
      7,
      3,
      1
    ],
    [
      8,
      3,
      1
    ],
    [
      2,
      4,
      1
    ],
    [
      7,
      4,
      1
    ],
    [
      8,
      4,
      1
    ],
    [
      2,
      5,
      1
    ],
    [
      7,
      5,
      1
    ],
    [
      8,
      5,
      1
    ],
    [
      2,
      6,
      1
    ],
    [
      7,
      6,
      1
    ],
    [
      8,
      6,
      1
    ],
    [
      2,
      7,
      1
    ],
    [
      7,
      7,
      1
    ],
    [
      8,
      7,
      1
    ],
    [
      2,
      8,
      1
    ],
    [
      7,
      8,
      1
    ],
    [
      8,
      8,
      1
    ],
    [
      2,
      9,
      1
    ],
    [
      7,
      9,
      1
    ],
    [
      8,
      9,
      1
    ],
    [
      2,
      10,
      1
    ],
    [
      7,
      10,
      1
    ],
    [
      8,
      10,
      1
    ],
    [
      2,
      11,
      1
    ],
    [
      7,
      11,
      1
    ],
    [
      8,
      11,
      1
    ],
    [
      2,
      12,
      1
    ],
    [
      7,
      12,
      1
    ],
    [
      8,
      12,
      1
    ],
    [
      2,
      13,
      1
    ],
    [
      7,
      13,
      1
    ],
    [
      8,
      13,
      1
    ],
    [
      2,
      14,
      1
    ],
    [
      7,
      14,
      1
    ],
    [
      8,
      14,
      1
    ],
    [
      1,
      15,
      1
    ],
    [
      3,
      15,
      1
    ],
    [
      13,
      15,
      1
    ],
    [
      1,
      16,
      1
    ],
    [
      3,
      16,
      1
    ],
    [
      13,
      16,
      1
    ],
    [
      1,
      17,
      1
    ],
    [
      3,
      17,
      1
    ],
    [
      13,
      17,
      1
    ],
    [
      1,
      18,
      1
    ],
    [
      3,
      18,
      1
    ],
    [
      13,
      18,
      1
    ],
    [
      1,
      19,
      1
    ],
    [
      3,
      19,
      1
    ],
    [
      13,
      19,
      1
    ],
    [
      1,
      20,
      1
    ],
    [
      3,
      20,
      1
    ],
    [
      13,
      20,
      1
    ],
    [
      5,
      21,
      1
    ],
    [
      5,
      22,
      1
    ],
    [
      5,
      23,
      1
    ],
    [
      5,
      24,
      1
    ],
    [
      5,
      25,
      1
    ],
    [
      5,
      26,
      1
    ],
    [
      5,
      27,
      1
    ],
    [
      5,
      28,
      1
    ],
    [
      5,
      29,
      1
    ],
    [
      5,
      30,
      1
    ],
    [
      5,
      31,
      1
    ],
    [
      5,
      32,
      1
    ],
    [
      5,
      33,
      1
    ],
    [
      6,
      34,
      1
    ],
    [
      11,
      34,
      1
    ],
    [
      12,
      34,
      1
    ],
    [
      6,
      35,
      1
    ],
    [
      11,
      35,
      1
    ],
    [
      12,
      35,
      1
    ],
    [
      6,
      36,
      1
    ],
    [
      11,
      36,
      1
    ],
    [
      12,
      36,
      1
    ],
    [
      10,
      37,
      1
    ],
    [
      0,
      38,
      1
    ],
    [
      4,
      38,
      1
    ],
    [
      9,
      38,
      1
    ],
    [
      0,
      39,
      1
    ],
    [
      4,
      39,
      1
    ],
    [
      9,
      39,
      1
    ],
    [
      0,
      40,
      1
    ],
    [
      4,
      40,
      1
    ],
    [
      9,
      40,
      1
    ],
    [
      0,
      41,
      1
    ],
    [
      4,
      41,
      1
    ],
    [
      9,
      41,
      1
    ],
    [
      0,
      42,
      1
    ],
    [
      4,
      42,
      1
    ],
    [
      9,
      42,
      1
    ],
    [
      0,
      43,
      1
    ],
    [
      4,
      43,
      1
    ],
    [
      9,
      43,
      1
    ],
    [
      0,
      44,
      1
    ],
    [
      4,
      44,
      1
    ],
    [
      9,
      44,
      1
    ],
    [
      0,
      45,
      1
    ],
    [
      4,
      45,
      1
    ],
    [
      9,
      45,
      1
    ],
    [
      2,
      46,
      1
    ],
    [
      4,
      46,
      1
    ],
    [
      9,
      46,
      1
    ],
    [
      0,
      47,
      1
    ],
    [
      4,
      47,
      1
    ],
    [
      9,
      47,
      1
    ],
    [
      0,
      48,
      1
    ],
    [
      4,
      48,
      1
    ],
    [
      9,
      48,
      1
    ],
    [
      0,
      49,
      1
    ],
    [
      4,
      49,
      1
    ],
    [
      9,
      49,
      1
    ],
    [
      0,
      50,
      1
    ],
    [
      4,
      50,
      1
    ],
    [
      9,
      50,
      1
    ],
    [
      0,
      51,
      1
    ],
    [
      4,
      51,
      1
    ],
    [
      9,
      51,
      1
    ],
    [
      0,
      52,
      1
    ],
    [
      4,
      52,
      1
    ],
    [
      9,
      52,
      1
    ],
    [
      0,
      53,
      1
    ],
    [
      4,
      53,
      1
    ],
    [
      9,
      53,
      1
    ],
    [
      0,
      54,
      1
    ],
    [
      4,
      54,
      1
    ],
    [
      9,
      54,
      1
    ],
    [
      0,
      55,
      1
    ],
    [
      4,
      55,
      1
    ],
    [
      9,
      55,
      1
    ],
    [
      0,
      56,
      1
    ],
    [
      4,
      56,
      1
    ],
    [
      9,
      56,
      1
    ],
    [
      0,
      57,
      1
    ],
    [
      4,
      57,
      1
    ],
    [
      9,
      57,
      1
    ],
    [
      0,
      58,
      1
    ],
    [
      4,
      58,
      1
    ],
    [
      9,
      58,
      1
    ],
    [
      0,
      59,
      1
    ],
    [
      4,
      59,
      1
    ],
    [
      9,
      59,
      1
    ],
    [
      0,
      60,
      1
    ],
    [
      4,
      60,
      1
    ],
    [
      9,
      60,
      1
    ],
    [
      0,
      61,
      1
    ],
    [
      4,
      61,
      1
    ],
    [
      9,
      61,
      1
    ],
    [
      0,
      62,
      1
    ],
    [
      4,
      62,
      1
    ],
    [
      9,
      62,
      1
    ],
    [
      0,
      63,
      1
    ],
    [
      4,
      63,
      1
    ],
    [
      9,
      63,
      1
    ],
    [
      0,
      64,
      1
    ],
    [
      4,
      64,
      1
    ],
    [
      9,
      64,
      1
    ],
    [
      0,
      65,
      1
    ],
    [
      4,
      65,
      1
    ],
    [
      9,
      65,
      1
    ],
    [
      0,
      66,
      1
    ],
    [
      4,
      66,
      1
    ],
    [
      9,
      66,
      1
